id,nombre,edad,email
1,Silvia Espada Calvet,47,aitorvalenzuela@example.org
2,Rodolfo Almazán,57,gonzalezamalia@example.com
3,Luís Mata Llorens,35,corraljorge@example.net
4,Clímaco Barco Prat,47,montserrat27@example.org
5,Nando Gallardo Pina,47,arenasafrica@example.net
6,Ulises Palomar Sanmiguel,21,emilianaazcona@example.net
7,Sol Cruz Molins,44,sanchosalvador@example.net
8,Guiomar del Rincón,25,jose-ignacioconesa@example.net
9,María Fernanda Catalá-Mora,61,llorentefabricio@example.org
10,Octavia Neira,25,vargasguadalupe@example.net
11,Gustavo Sanabria Torrens,51,jesus05@example.net
12,Mamen Roldan Pastor,47,loreto30@example.org
13,Alonso Herrero Posada,63,cardenaspascual@example.org
14,Octavio Morillo Haro,46,mayoralcatalina@example.net
15,Román Morcillo Arteaga,36,diazprudencio@example.org
16,Ágata Carro Muñoz,44,uribereyes@example.net
17,Espiridión Serrano Garrido,46,franciscanoriega@example.org
18,Águeda Espinosa Moya,43,octavia07@example.com
19,Araceli del Canet,58,vito17@example.net
20,Nico Hipólito Pla Jurado,49,armandopena@example.org
21,Francisca Octavia Sanabria Infante,40,vilanovaelba@example.org
22,Itziar Vives Anglada,45,berta36@example.net
23,Rómulo Núñez Guijarro,41,alonsogallo@example.org
24,Marianela Sanmartín Morante,55,camilolosada@example.com
25,Ana Belén Lozano Santamaría,42,moises59@example.net
26,Eligia Codina Bermudez,38,inmaculadavelez@example.com
27,Gracia Ochoa Isern,20,manuel95@example.org
28,Miguel Ángel Nicolau Losada,43,herberto69@example.net
29,Sara Peralta Pavón,37,hurtadoascension@example.org
30,Jenaro Collado Ugarte,26,jafetlloret@example.net
31,Faustino Collado Berrocal,48,yquiroga@example.net
32,Moisés Torrent Escudero,62,estefania12@example.com
33,Alberto del Guzman,64,crespotristan@example.net
34,Guillermo Mateo,25,angelina12@example.org
35,Rosario Reguera,53,maria-teresacarreno@example.org
36,Yago Estevez,63,bonetteresita@example.org
37,Nuria Peña,39,venceslasbarcelo@example.com
38,Eutropio Sandoval Somoza,19,alonso21@example.com
39,Juan José Alfaro Perera,63,adriana23@example.org
40,Catalina Gabriela Royo Páez,34,sebastian40@example.org
41,Leyre del Corominas,18,luisinazabala@example.com
42,Reyna Izquierdo-Berenguer,19,jortega@example.net
43,Gaspar de Santos,36,flastra@example.net
44,Benigna Pereira Mercader,54,martiriopastor@example.com
45,Julie Baeza Valverde,38,lermabeatriz@example.com
46,Esperanza Blázquez-Chico,47,larranagavinicio@example.com
47,Edgardo Pareja,45,mirta50@example.com
48,Rosaura Jesusa Ribas Tamarit,46,gregorio47@example.net
49,Rafa Miguel Almagro Correa,39,abermudez@example.org
50,Rafaela Plaza Molins,55,luis-miguel14@example.org
